1,Cordell,Winskill,cwinskill0@liveinternet.ru,687-358-0129
2,Irvine,Hevner,ihevner1@narod.ru,614-624-3081
3,Kelsey,Fydoe,kfydoe2@histats.com,405-461-4113
4,Humberto,Booker,hbooker3@craigslist.org,655-434-6091
5,Chrystal,Goulbourn,cgoulbourn4@nasa.gov,808-741-8969
6,Marten,Phillips,mphillips5@addthis.com,278-345-9293
7,Enrico,Rambadt,erambadt6@shareasale.com,973-532-6384
8,Susannah,Stammirs,sstammirs7@dailymail.co.uk,362-964-7834
9,Kara-lynn,Gilchriest,kgilchriest8@go.com,846-638-9313
10,Jimmie,Felkin,jfelkin9@rakuten.co.jp,868-623-3609
11,Hogan,Frohock,hfrohocka@yale.edu,337-463-3960
12,Ronna,Paolone,rpaoloneb@boston.com,448-680-0575
13,Micah,Seys,mseysc@abc.net.au,871-840-5753
14,Iona,Antos,iantosd@archive.org,628-940-4122
15,Egbert,Giriardelli,egiriardellie@examiner.com,369-630-0156
16,Garry,Gimblett,ggimblettf@independent.co.uk,792-191-3320
17,Tory,Osgarby,tosgarbyg@hexun.com,562-227-1881
18,Timothea,Donnell,tdonnellh@ucsd.edu,450-288-1146
19,Lazaro,Busek,lbuseki@goo.ne.jp,788-872-3576
20,Marget,Perello,mperelloj@mapquest.com,638-774-3712
21,Galvin,Harper,gharperk@smh.com.au,609-150-9864
22,Slade,Swinburn,sswinburnl@amazon.com,200-149-3776
23,Querida,Easdon,qeasdonm@gov.uk,315-280-0713
24,Faun,Lindell,flindelln@typepad.com,816-135-8483
25,Daphna,Bentsen,dbentseno@cnet.com,332-637-3515
26,Obie,Janodet,ojanodetp@taobao.com,673-858-2658
27,Jacinthe,Lumbly,jlumblyq@imageshack.us,985-791-6514
28,Morgana,Banyard,mbanyardr@mapy.cz,988-969-3457
29,Dorie,Ballintime,dballintimes@amazon.co.uk,946-358-2914
30,Rawley,Domel,rdomelt@mac.com,846-884-3754
31,Jermain,Palfreeman,jpalfreemanu@ca.gov,212-244-9905
32,Eddie,Hanniger,ehannigerv@opensource.org,514-103-4388
33,Ferguson,Rapo,frapow@uol.com.br,629-510-0691
34,Elizabet,Gooderidge,egooderidgex@fema.gov,924-939-7402
35,Cybill,Skeermer,cskeermery@xrea.com,784-123-1709
36,Lorri,MacSwayde,lmacswaydez@ezinearticles.com,595-565-4655
37,Markus,Andino,mandino10@mtv.com,715-998-7100
38,Miner,Tomley,mtomley11@redcross.org,726-823-2414
39,Chalmers,Lehr,clehr12@hc360.com,511-360-1427
40,Mary,Pursey,mpursey13@altervista.org,395-299-7870
41,Emmye,Ruegg,eruegg14@howstuffworks.com,614-110-7460
42,Pip,Krzyzaniak,pkrzyzaniak15@ocn.ne.jp,666-604-0069
43,Sybila,Latore,slatore16@e-recht24.de,785-646-1975
44,Joshua,Pearsey,jpearsey17@ow.ly,514-804-6017
45,Kerstin,Larkin,klarkin18@ning.com,607-228-5497
46,Florie,Crayke,fcrayke19@e-recht24.de,903-410-0052
47,Oberon,Moberley,omoberley1a@ning.com,769-993-4802
48,Faina,Pues,fpues1b@epa.gov,129-987-4516
49,Rubi,Clampett,rclampett1c@dot.gov,622-321-5466
50,Darin,Potten,dpotten1d@independent.co.uk,144-640-5985
51,Gustavus,Larret,glarret1e@paypal.com,542-859-4728
52,Rianon,McGing,rmcging1f@archive.org,190-279-8696
53,Ania,Gozzard,agozzard1g@engadget.com,484-843-0800
54,Maryanne,MacKilroe,mmackilroe1h@yolasite.com,304-354-8932
55,Iolanthe,Dumpleton,idumpleton1i@columbia.edu,707-896-1131
56,Scarface,Maliffe,smaliffe1j@baidu.com,821-934-2437
57,Noel,Habert,nhabert1k@tuttocitta.it,217-975-6050
58,Caria,Stiff,cstiff1l@prweb.com,171-676-2656
59,Lisette,McJerrow,lmcjerrow1m@tmall.com,367-688-1052
60,Robinett,Bordone,rbordone1n@php.net,606-982-2774
61,Coral,Conradie,cconradie1o@state.gov,865-909-2545
62,Niko,McGifford,nmcgifford1p@marriott.com,137-679-9207
63,Luce,Jansson,ljansson1q@slashdot.org,872-462-7392
64,Roobbie,Kighly,rkighly1r@ning.com,362-919-8259
65,Si,Jiggins,sjiggins1s@nifty.com,302-336-9669
66,Hermina,McCoid,hmccoid1t@craigslist.org,856-861-2561
67,Fiorenze,Scullin,fscullin1u@ucoz.com,248-478-4724
68,Claudine,Core,ccore1v@prlog.org,440-657-6644
69,Garth,MacArdle,gmacardle1w@ftc.gov,649-474-7023
70,Lockwood,Wesson,lwesson1x@edublogs.org,487-222-0627
71,Cele,Riatt,criatt1y@t-online.de,106-550-7470
72,Jeremias,Billing,jbilling1z@slashdot.org,275-726-1454
73,Jasen,Dagnall,jdagnall20@chron.com,677-477-8563
74,Innis,Pether,ipether21@vk.com,298-630-4579
75,Shay,Faichney,sfaichney22@deliciousdays.com,558-948-6688
76,Leland,Fedoronko,lfedoronko23@army.mil,939-885-8668
77,Nerta,Chinge de Hals,nchingedehals24@issuu.com,269-374-4300
78,Blondie,Girdwood,bgirdwood25@go.com,966-894-5917
79,Christiana,Habergham,chabergham26@joomla.org,127-552-2584
80,Danella,Lanfear,dlanfear27@netlog.com,917-381-6250
81,Joella,Maclean,jmaclean28@opensource.org,858-751-9339
82,Conway,Holyard,cholyard29@networksolutions.com,399-148-1874
83,Colin,Clampton,cclampton2a@utexas.edu,532-902-3363
84,Carney,Garthshore,cgarthshore2b@google.com.au,112-119-0551
85,Andriette,Fleet,afleet2c@unc.edu,796-121-1678
86,Jori,Juanico,jjuanico2d@netvibes.com,630-209-4983
87,Ella,Gauld,egauld2e@about.com,827-497-5639
88,Ferdinande,Heaker,fheaker2f@intel.com,403-736-1586
89,Karoly,Woodthorpe,kwoodthorpe2g@bluehost.com,485-423-8975
90,Hetty,Eddowis,heddowis2h@addthis.com,451-605-0331
91,Lynett,Yearne,lyearne2i@home.pl,400-438-2528
92,Tom,Moreno,tmoreno2j@nih.gov,234-763-6619
93,Rhoda,Valadez,rvaladez2k@feedburner.com,553-191-9443
94,Larissa,Stonehouse,lstonehouse2l@bravesites.com,503-605-1598
95,Tailor,Teresi,tteresi2m@aol.com,699-713-4328
96,Eustacia,Cescoti,ecescoti2n@ox.ac.uk,588-251-3050
97,Sharla,Escot,sescot2o@dailymail.co.uk,245-188-5858
98,Gloriane,Cloughton,gcloughton2p@discovery.com,903-780-4562
99,D'arcy,Scain,dscain2q@dell.com,905-166-5990
100,Donnie,Treacy,dtreacy2r@photobucket.com,189-403-0791
101,Lydia,Sommerly,lsommerly2s@csmonitor.com,994-988-6137
102,Roi,Strathdee,rstrathdee2t@ucsd.edu,741-157-5940
103,Sigfried,Battersby,sbattersby2u@baidu.com,100-966-6384
104,Rebeka,Girod,rgirod2v@macromedia.com,639-105-8557
105,Miran,Elleton,melleton2w@businesswire.com,952-213-7508
106,Aprilette,Unger,aunger2x@slate.com,604-209-9022
107,Wolfie,Plose,wplose2y@home.pl,449-596-2115
108,Tana,Pledger,tpledger2z@hhs.gov,962-991-3553
109,Jacobo,Didball,jdidball30@oakley.com,475-987-6838
110,Cyrill,Ody,cody31@fotki.com,213-125-8441
111,Ruttger,Ekell,rekell32@cornell.edu,887-655-3232
112,Estell,Palphreyman,epalphreyman33@cisco.com,743-715-2366
113,Brynne,Hinsche,bhinsche34@google.it,506-845-4689
114,Franciska,Cox,fcox35@nhs.uk,692-963-6836
115,Victor,Hrinchenko,vhrinchenko36@oakley.com,922-313-2393
116,Luci,MacIlhagga,lmacilhagga37@ucla.edu,526-194-1673
117,Cristin,Escritt,cescritt38@cbc.ca,244-585-0408
118,Clary,Frodsam,cfrodsam39@parallels.com,993-479-8397
119,Alfonse,Wordsworth,awordsworth3a@buzzfeed.com,133-583-5605
120,Cloe,Illesley,cillesley3b@cyberchimps.com,824-425-1857
121,Sidonia,Meneghi,smeneghi3c@godaddy.com,985-554-1679
122,Twila,De La Hay,tdelahay3d@utexas.edu,970-593-7867
123,Carmelle,Selbie,cselbie3e@timesonline.co.uk,626-793-8832
124,Onida,Birtonshaw,obirtonshaw3f@telegraph.co.uk,639-912-7892
125,Hatti,McGlashan,hmcglashan3g@scribd.com,139-716-3041
126,Alexandro,Beneyto,abeneyto3h@epa.gov,661-998-7584
127,Gabriel,Blois,gblois3i@businessinsider.com,486-609-6317
128,Cindy,Dantesia,cdantesia3j@sogou.com,443-739-1944
129,Odella,Woolveridge,owoolveridge3k@springer.com,604-200-8576
130,Concettina,Hosten,chosten3l@stumbleupon.com,552-778-2551
131,Maurine,Howsam,mhowsam3m@engadget.com,269-691-1889
132,Frederic,Spon,fspon3n@webs.com,296-238-5482
133,Halli,O'Collopy,hocollopy3o@virginia.edu,140-745-5145
134,Salvidor,Lipprose,slipprose3p@lycos.com,193-740-7819
135,Gerome,McInnes,gmcinnes3q@ed.gov,604-589-9894
136,Nehemiah,McPaik,nmcpaik3r@nbcnews.com,900-212-3836
137,Lonnard,Bloodworthe,lbloodworthe3s@usda.gov,479-657-8346
138,Catie,Cromar,ccromar3t@ft.com,987-241-6192
139,Abra,Fernan,afernan3u@theatlantic.com,472-263-9694
140,Maury,Winward,mwinward3v@merriam-webster.com,918-376-6359
141,Felita,Welling,fwelling3w@businessinsider.com,518-516-1419
142,Silvain,Bellam,sbellam3x@skyrock.com,301-225-0321
143,Sandye,Sentinella,ssentinella3y@devhub.com,753-726-4645
144,Ferris,Passingham,fpassingham3z@oracle.com,500-445-0042
145,Mariellen,Borth,mborth40@toplist.cz,652-798-0516
146,Demetria,Moggach,dmoggach41@spiegel.de,242-288-7757
147,Max,Bransgrove,mbransgrove42@cloudflare.com,561-620-1655
148,Ludovico,McKiddin,lmckiddin43@about.com,547-866-8031
149,Melva,Thacker,mthacker44@geocities.jp,292-342-2260
150,Margy,Widdup,mwiddup45@naver.com,982-567-3523
151,Cordy,Addy,caddy46@gizmodo.com,488-309-8219
152,Solomon,Troth,stroth47@slideshare.net,842-108-1486
153,Corine,Corran,ccorran48@cbc.ca,696-233-1439
154,Agna,Tennant,atennant49@goodreads.com,749-198-4607
155,Corrina,Izzard,cizzard4a@ebay.com,833-424-4282
156,Aggie,Hayler,ahayler4b@quantcast.com,285-944-7757
157,Henry,Glidder,hglidder4c@chron.com,528-680-0555
158,Valene,Beadon,vbeadon4d@twitpic.com,928-363-9515
159,Alfonse,Flowerden,aflowerden4e@deliciousdays.com,814-814-9226
160,Ken,Arnowitz,karnowitz4f@washingtonpost.com,414-953-4921
161,Ingemar,Riguard,iriguard4g@eepurl.com,450-538-0336
162,Ferdie,Trusse,ftrusse4h@wordpress.org,371-198-9472
163,Jamey,Halsey,jhalsey4i@topsy.com,553-964-1158
164,Marie-ann,Ellacott,mellacott4j@mozilla.org,177-936-4017
165,Vittoria,Fitzsimmons,vfitzsimmons4k@sphinn.com,918-615-6300
166,Neilla,Wholesworth,nwholesworth4l@yolasite.com,137-598-7736
167,Alexis,Immings,aimmings4m@list-manage.com,332-849-9853
168,Amandi,Brehat,abrehat4n@sciencedaily.com,212-478-9479
169,Eleanora,Hebron,ehebron4o@bloglines.com,852-564-4679
170,Ive,Muneely,imuneely4p@hao123.com,314-865-5938
171,Milli,Schirach,mschirach4q@ihg.com,506-260-3845
172,Salvidor,Steels,ssteels4r@cpanel.net,917-460-0926
173,Flora,Massingberd,fmassingberd4s@posterous.com,435-843-6488
174,Dorothea,Swin,dswin4t@photobucket.com,112-671-9094
175,Neddie,Murley,nmurley4u@wufoo.com,379-390-8699
176,Saunder,Lutman,slutman4v@artisteer.com,254-995-1740
177,Jackie,Imason,jimason4w@google.cn,757-794-9288
178,Paul,Ilyukhov,pilyukhov4x@amazonaws.com,403-812-2935
179,Tades,Board,tboard4y@phoca.cz,143-936-2303
180,Siouxie,Matijasevic,smatijasevic4z@state.tx.us,399-388-1987
181,Normie,Haseldine,nhaseldine50@hp.com,890-331-1596
182,Sly,Letham,sletham51@sciencedirect.com,275-831-0612
183,Tiena,Babst,tbabst52@weibo.com,520-747-3126
184,Rebe,Simeonov,rsimeonov53@ucsd.edu,995-744-6271
185,Emmye,Hacquard,ehacquard54@ehow.com,286-477-6893
186,Renard,Wurst,rwurst55@house.gov,687-306-3225
187,Joane,Castagneto,jcastagneto56@newyorker.com,518-192-8805
188,Emmott,Colleford,ecolleford57@cbslocal.com,400-595-3438
189,Bryce,McDermott-Row,bmcdermottrow58@cloudflare.com,560-299-1307
190,Ahmed,McQuillin,amcquillin59@gov.uk,555-962-5979
191,Donovan,Noore,dnoore5a@clickbank.net,271-336-6170
192,Kendall,Swinnard,kswinnard5b@booking.com,172-508-5498
193,Bessy,Ropking,bropking5c@free.fr,660-103-5862
194,Gabbie,Simmons,gsimmons5d@163.com,988-353-2405
195,Britt,Roycroft,broycroft5e@cbc.ca,217-546-3067
196,Nessy,Lampitt,nlampitt5f@uiuc.edu,123-661-8927
197,Nigel,Wakelam,nwakelam5g@example.com,793-489-0929
198,Estelle,Berney,eberney5h@theatlantic.com,582-638-2716
199,Ulla,Ricciardo,uricciardo5i@latimes.com,363-344-2626
200,Koren,Dalgarnowch,kdalgarnowch5j@freewebs.com,232-993-1301
201,Tito,Solomonides,tsolomonides5k@storify.com,592-161-3986
202,Giraud,Blackham,gblackham5l@blogspot.com,130-123-1299
203,Bridie,Causier,bcausier5m@clickbank.net,809-328-6778
204,Curran,Ealden,cealden5n@nba.com,997-567-6983
205,Crystie,Desson,cdesson5o@spiegel.de,480-630-7635
206,Sianna,Richel,srichel5p@redcross.org,726-985-7528
207,Gwen,Waycott,gwaycott5q@dedecms.com,499-624-9891
208,Marybeth,Whitebrook,mwhitebrook5r@irs.gov,562-816-8982
209,Kim,Hanrahan,khanrahan5s@yellowbook.com,972-685-0198
210,Dalila,Adie,dadie5t@blinklist.com,711-640-4044
211,Rollie,Zamora,rzamora5u@usnews.com,147-409-1985
212,Daphene,Cathee,dcathee5v@wsj.com,528-891-4363
213,Devon,Besant,dbesant5w@oracle.com,425-532-9889
214,Quint,Jaggard,qjaggard5x@google.co.jp,187-444-3690
215,Sula,Pauletto,spauletto5y@dedecms.com,856-844-3785
216,Fernandina,Emmer,femmer5z@squarespace.com,255-429-5914
217,Lorene,Abbet,labbet60@delicious.com,561-657-2811
218,Hervey,Lount,hlount61@lycos.com,758-789-6009
219,Vera,Narraway,vnarraway62@rambler.ru,714-877-1950
220,Forrest,Jertz,fjertz63@usda.gov,299-691-7060
221,Creight,Sandifer,csandifer64@alexa.com,401-431-8479
222,Devland,Deppe,ddeppe65@behance.net,693-361-8938
223,Zelda,Piffe,zpiffe66@hibu.com,237-671-2148
224,Morly,Coweuppe,mcoweuppe67@dropbox.com,528-894-4285
225,Gaultiero,Wellesley,gwellesley68@dropbox.com,186-929-5110
226,Kurtis,Duerden,kduerden69@wordpress.com,947-284-1520
227,Joe,Thurlow,jthurlow6a@scientificamerican.com,864-406-3211
228,Axel,Sillars,asillars6b@google.pl,281-182-7821
229,Kissie,MacConnal,kmacconnal6c@mapy.cz,879-731-8662
230,Nicola,Ridgers,nridgers6d@stumbleupon.com,422-823-1502
231,Blinnie,Weaving,bweaving6e@list-manage.com,142-341-4294
232,Theo,Teliga,tteliga6f@princeton.edu,946-459-1667
233,Wainwright,Dominico,wdominico6g@theatlantic.com,520-719-5710
234,Ellissa,Petyankin,epetyankin6h@zimbio.com,667-947-3048
235,Julina,Fairbourn,jfairbourn6i@wikispaces.com,780-334-2506
236,Nicolle,Cosens,ncosens6j@twitpic.com,323-874-4427
237,Seymour,Beachamp,sbeachamp6k@slate.com,127-987-4374
238,Ellwood,Pablos,epablos6l@mashable.com,454-116-2064
239,Mitch,Girvan,mgirvan6m@hao123.com,618-131-0096
240,Danella,Kelshaw,dkelshaw6n@yelp.com,926-712-0892
241,Leann,Capozzi,lcapozzi6o@irs.gov,265-305-7862
242,Lyda,Hylton,lhylton6p@aboutads.info,858-603-1406
243,Kania,Richold,krichold6q@goo.gl,104-273-5243
244,Kelcy,Woodruffe,kwoodruffe6r@google.it,814-198-3273
245,Milo,Coarser,mcoarser6s@etsy.com,568-417-7243
246,Meir,Ronisch,mronisch6t@reference.com,805-117-8270
247,Archaimbaud,Langeren,alangeren6u@independent.co.uk,233-779-0402
248,Gaylord,Fewlass,gfewlass6v@discuz.net,808-273-8855
249,Tibold,Batrick,tbatrick6w@vistaprint.com,467-484-1991
250,Dotty,Mairs,dmairs6x@imgur.com,735-541-3501
251,Ugo,Filchagin,ufilchagin6y@yahoo.com,239-654-5000
252,Timi,Bampton,tbampton6z@netvibes.com,198-718-9290
253,Robina,Quarterman,rquarterman70@i2i.jp,993-678-5550
254,Staffard,McLagan,smclagan71@github.io,511-969-7446
255,Sheena,Worrell,sworrell72@bing.com,801-498-1446
256,Rudyard,Castell,rcastell73@icio.us,429-526-6820
257,Terza,Bittlestone,tbittlestone74@vkontakte.ru,440-239-5486
258,Maxim,Provis,mprovis75@yellowpages.com,991-409-9408
259,Ulrika,Bernetti,ubernetti76@cdbaby.com,418-129-1895
260,Delmor,Pandie,dpandie77@ftc.gov,889-628-3668
261,Patrizio,MacKereth,pmackereth78@ucla.edu,301-894-7078
262,Jaimie,Vedyasov,jvedyasov79@washington.edu,763-837-2326
263,Olivette,Silver,osilver7a@artisteer.com,354-429-7749
264,Carlota,Loynes,cloynes7b@usda.gov,460-908-6082
265,Grace,Saffe,gsaffe7c@usatoday.com,725-603-1948
266,Cosmo,Feavyour,cfeavyour7d@wordpress.org,721-495-0258
267,Kipp,Jentin,kjentin7e@discuz.net,824-713-9758
268,Diarmid,Bromehed,dbromehed7f@sfgate.com,354-115-8095
269,Jackie,O'Rowane,jorowane7g@hhs.gov,520-679-1198
270,Ingram,Jenking,ijenking7h@quantcast.com,307-518-2500
271,Geoffrey,Bartlomieczak,gbartlomieczak7i@patch.com,717-955-4870
272,Arly,Rushbury,arushbury7j@prnewswire.com,926-649-9296
273,Harwilll,Shatliff,hshatliff7k@diigo.com,922-720-1194
274,Corabella,MacCartney,cmaccartney7l@yelp.com,742-819-2529
275,Heinrik,Hessle,hhessle7m@toplist.cz,371-853-1057
276,Martynne,Temple,mtemple7n@google.ru,534-546-9454
277,Birch,Kahane,bkahane7o@scientificamerican.com,898-394-9399
278,Petrina,Flook,pflook7p@forbes.com,326-844-7023
279,Adolphus,Durkin,adurkin7q@wikispaces.com,923-431-6047
280,Bevan,Rainford,brainford7r@tinypic.com,927-203-3524
281,Richardo,Collomosse,rcollomosse7s@i2i.jp,152-309-9474
282,Shauna,Jarrell,sjarrell7t@hostgator.com,852-271-0028
283,Elene,Blaza,eblaza7u@sciencedirect.com,652-904-4658
284,Mack,Damrel,mdamrel7v@live.com,213-628-7987
285,Karie,Moult,kmoult7w@cornell.edu,369-278-9469
286,Shell,Skentelbury,sskentelbury7x@mapquest.com,682-445-0647
287,Rosette,Ingarfill,ringarfill7y@instagram.com,703-999-1964
288,Monika,Mainz,mmainz7z@oaic.gov.au,750-750-8013
289,Loni,Gomar,lgomar80@bigcartel.com,940-122-2264
290,Ashien,Chippin,achippin81@howstuffworks.com,971-303-6048
291,Trev,Sawell,tsawell82@digg.com,789-853-0130
292,Gipsy,Pedrielli,gpedrielli83@wikimedia.org,517-784-9023
293,Bobbe,Edgeon,bedgeon84@go.com,741-956-9681
294,Nina,Tessier,ntessier85@wordpress.org,482-173-9376
295,Marcy,Richemond,mrichemond86@cdc.gov,799-813-8850
296,Parker,Harpur,pharpur87@sakura.ne.jp,658-587-4221
297,Juanita,Huddleston,jhuddleston88@mayoclinic.com,268-481-4790
298,Jaynell,Barca,jbarca89@statcounter.com,108-170-0819
299,Elita,Brevitt,ebrevitt8a@sun.com,367-887-3733
300,Raimundo,Samsworth,rsamsworth8b@livejournal.com,123-804-8942
301,Jeanelle,Cruikshanks,jcruikshanks8c@bloomberg.com,468-272-3362
302,Donelle,Fleischer,dfleischer8d@weather.com,981-761-0085
303,Reinhard,Lack,rlack8e@msn.com,192-326-5076
304,Mozelle,Dumberrill,mdumberrill8f@slashdot.org,238-826-6903
305,Heda,Masser,hmasser8g@comsenz.com,862-435-6234
306,Alexa,Cairney,acairney8h@cbc.ca,781-329-7684
307,Patricio,Rowsel,prowsel8i@blog.com,597-400-0296
308,Archaimbaud,Espinel,aespinel8j@reddit.com,491-184-1849
309,Aggie,Thomann,athomann8k@liveinternet.ru,552-720-3157
310,Talya,Killingbeck,tkillingbeck8l@timesonline.co.uk,336-740-6844
311,Raquel,Kryska,rkryska8m@hp.com,656-554-8861
312,Tomasine,Bolzen,tbolzen8n@webmd.com,748-436-8299
313,Ricky,Emblin,remblin8o@over-blog.com,881-545-7214
314,Natka,McGee,nmcgee8p@simplemachines.org,945-410-7873
315,Gregorius,Farnin,gfarnin8q@slate.com,540-450-1075
316,Brant,Shoppee,bshoppee8r@hexun.com,379-725-1829
317,Karmen,Damiral,kdamiral8s@artisteer.com,533-564-5930
318,Webster,Golly,wgolly8t@com.com,166-911-3297
319,Loralie,Cumbers,lcumbers8u@trellian.com,415-171-0790
320,Barri,MacCallester,bmaccallester8v@kickstarter.com,722-402-3682
321,Maurine,Pischel,mpischel8w@usgs.gov,184-249-3113
322,Maurine,Huguet,mhuguet8x@biblegateway.com,276-678-1662
323,Lance,Ruhben,lruhben8y@cam.ac.uk,720-302-9015
324,Neill,Golden,ngolden8z@addtoany.com,585-197-7679
325,Aggie,Wheelwright,awheelwright90@rediff.com,260-581-4619
326,Marget,Duffet,mduffet91@google.ru,618-713-5937
327,Grover,Heaslip,gheaslip92@marketwatch.com,766-390-5467
328,Fran,Sebley,fsebley93@miibeian.gov.cn,259-114-9674
329,Saraann,Feaveryear,sfeaveryear94@columbia.edu,606-656-2354
330,Alicea,Burkhill,aburkhill95@ehow.com,539-322-3090
331,Barny,Condy,bcondy96@com.com,783-499-1272
332,Brigid,Sprade,bsprade97@facebook.com,810-202-4597
333,Nobie,Lambshine,nlambshine98@over-blog.com,606-934-4893
334,Bamby,Hegarty,bhegarty99@networksolutions.com,296-870-1922
335,Conney,Zollner,czollner9a@shutterfly.com,910-502-8372
336,Fionnula,Norwich,fnorwich9b@yellowpages.com,971-681-3303
337,Jewel,Wolfit,jwolfit9c@people.com.cn,299-971-2406
338,Joan,Aspling,jaspling9d@jiathis.com,499-762-8995
339,Luciano,Cuming,lcuming9e@zimbio.com,713-671-0387
340,Carlota,Faunt,cfaunt9f@indiegogo.com,490-860-8343
341,Ashton,Cansdale,acansdale9g@domainmarket.com,620-614-0716
342,Letizia,Delve,ldelve9h@google.ru,828-200-2215
343,Lydon,Scantlebury,lscantlebury9i@symantec.com,404-436-8501
344,Remus,Moxstead,rmoxstead9j@dmoz.org,984-507-1993
345,Haroun,Coye,hcoye9k@blogspot.com,849-286-8413
346,Bertina,Pickard,bpickard9l@army.mil,246-431-5862
347,Donn,Lambertson,dlambertson9m@flickr.com,754-271-1990
348,Jeniece,Bettleson,jbettleson9n@ask.com,667-762-5234
349,Maggy,Tomasian,mtomasian9o@bandcamp.com,222-924-9583
350,Noami,Fost,nfost9p@woothemes.com,986-396-6780
351,Vinnie,Reinbeck,vreinbeck9q@vimeo.com,660-726-3337
352,Merrili,Inglese,minglese9r@soundcloud.com,954-675-8292
353,Mata,MacGebenay,mmacgebenay9s@weibo.com,835-571-5917
354,Tessi,Sicily,tsicily9t@seattletimes.com,870-661-8637
355,Denys,Adderson,dadderson9u@upenn.edu,588-564-2201
356,Anya,Kleiser,akleiser9v@wsj.com,613-391-0319
357,Alric,Springer,aspringer9w@eventbrite.com,556-875-4357
358,Goraud,Male,gmale9x@sbwire.com,721-606-6774
359,Violetta,Lawrenson,vlawrenson9y@tiny.cc,421-848-5545
360,Elbertina,Fewell,efewell9z@arstechnica.com,378-348-6699
361,Jaquelyn,Caswall,jcaswalla0@freewebs.com,803-134-3946
362,Fiann,Elphey,felpheya1@about.com,277-146-2975
363,Hilary,Duquesnay,hduquesnaya2@nps.gov,226-537-4771
364,Floyd,Larkworthy,flarkworthya3@gizmodo.com,375-528-1737
365,Marijn,Erni,mernia4@symantec.com,257-958-1337
366,Laverna,Cossam,lcossama5@intel.com,136-476-8368
367,Sisely,German,sgermana6@bing.com,983-557-5645
368,Yolande,Tarbet,ytarbeta7@hatena.ne.jp,181-194-7501
369,Odessa,Gorges,ogorgesa8@sfgate.com,195-537-8796
370,Germaine,Prendergrass,gprendergrassa9@e-recht24.de,664-634-8550
371,Stormi,Wassell,swassellaa@list-manage.com,355-130-7137
372,Ronda,Colt,rcoltab@slideshare.net,630-979-0596
373,Tamera,Paske,tpaskeac@godaddy.com,237-399-5540
374,Correy,Donisi,cdonisiad@altervista.org,757-746-5237
375,Koralle,McVitty,kmcvittyae@google.co.jp,996-802-6986
376,Wernher,Scoles,wscolesaf@bbc.co.uk,800-485-3994
377,Jerrine,Robertis,jrobertisag@jimdo.com,432-937-7894
378,Reginald,Roderham,rroderhamah@house.gov,655-113-9361
379,Arabella,Wisam,awisamai@bloomberg.com,397-297-0884
380,Parsifal,Abel,pabelaj@printfriendly.com,860-815-1028
381,Con,Faull,cfaullak@hexun.com,913-997-3177
382,Andie,Sturton,asturtonal@xrea.com,126-964-6753
383,Monah,Egdal,megdalam@google.com.au,752-466-7849
384,Silas,Phipps,sphippsan@simplemachines.org,196-318-4511
385,Jennilee,Ismail,jismailao@mail.ru,302-936-4824
386,Nowell,Cardis,ncardisap@shinystat.com,178-210-6387
387,Bella,Scinelli,bscinelliaq@fda.gov,401-712-7330
388,Tam,Cock,tcockar@google.co.jp,698-247-5021
389,Lucien,Mighele,lmigheleas@ca.gov,524-524-7161
390,Mala,Pach,mpachat@netlog.com,354-402-4587
391,Joann,Longbothom,jlongbothomau@mediafire.com,691-845-6838
392,Ham,Ubsdell,hubsdellav@sciencedirect.com,707-523-5621
393,Kirsten,McGill,kmcgillaw@liveinternet.ru,702-675-6673
394,Conan,Caunce,ccaunceax@time.com,301-103-2066
395,Livy,Annatt,lannattay@chron.com,364-607-0494
396,Anne-corinne,McKeady,amckeadyaz@hibu.com,598-258-5678
397,Celene,Cawthry,ccawthryb0@freewebs.com,465-470-4620
398,Giuseppe,Skamal,gskamalb1@sfgate.com,796-583-6593
399,Eadmund,Edgler,eedglerb2@disqus.com,286-581-1189
400,Lorelle,McLaverty,lmclavertyb3@zdnet.com,282-685-7628
401,Mignonne,Crosher,mcrosherb4@mayoclinic.com,292-483-2622
402,Mariya,MacGiolla,mmacgiollab5@mlb.com,305-971-5905
403,Eadith,Salvati,esalvatib6@dropbox.com,780-809-2207
404,Llywellyn,Harnor,lharnorb7@google.ca,895-814-4816
405,Ashly,Pace,apaceb8@xinhuanet.com,221-409-3467
406,Angele,Cowles,acowlesb9@nature.com,764-722-4716
407,Way,Hambrook,whambrookba@so-net.ne.jp,943-811-6541
408,Clara,O'Noland,conolandbb@fda.gov,683-609-3185
409,Sarita,De Carlo,sdecarlobc@cbc.ca,661-404-8290
410,Pennie,Axelbee,paxelbeebd@engadget.com,436-494-8148
411,Ally,Dike,adikebe@linkedin.com,360-317-8982
412,Berkeley,Piborn,bpibornbf@360.cn,151-997-6566
413,Collen,Vaugham,cvaughambg@angelfire.com,497-596-9944
414,Nissy,Whiffen,nwhiffenbh@chronoengine.com,777-888-1816
415,Sawyer,Lewsy,slewsybi@usnews.com,196-175-8075
416,Tommie,Grigorini,tgrigorinibj@businessinsider.com,256-958-4247
417,Joe,Carefull,jcarefullbk@linkedin.com,475-324-7939
418,Conn,Castellaccio,ccastellacciobl@marketwatch.com,711-718-6421
419,Jenilee,Berens,jberensbm@cbsnews.com,309-288-1898
420,Konstantine,Balke,kbalkebn@github.io,670-632-2143
421,Feodor,Pelzer,fpelzerbo@parallels.com,904-609-1257
422,Andromache,Quilkin,aquilkinbp@washington.edu,246-508-1518
423,Selina,Cherry,scherrybq@dion.ne.jp,749-252-3068
424,Tamara,Sherbrook,tsherbrookbr@cnet.com,798-892-8985
425,Leora,Rabley,lrableybs@delicious.com,149-839-4996
426,Giavani,Cheales,gchealesbt@alexa.com,159-948-4031
427,Beau,Wreight,bwreightbu@telegraph.co.uk,595-140-1472
428,Cyrille,Raisbeck,craisbeckbv@nba.com,303-638-5460
429,Frayda,Astill,fastillbw@pagesperso-orange.fr,653-507-2086
430,Dawn,Loughnan,dloughnanbx@creativecommons.org,152-805-3024
431,Christiano,Cotgrove,ccotgroveby@usda.gov,599-381-0488
432,Debra,Lammas,dlammasbz@wikia.com,362-736-8790
433,Vikky,Reis,vreisc0@boston.com,163-302-4942
434,Orrin,Phinnessy,ophinnessyc1@posterous.com,285-485-4559
435,Shauna,Baulch,sbaulchc2@xinhuanet.com,212-391-4230
436,Loise,Langford,llangfordc3@pagesperso-orange.fr,171-742-6354
437,Del,Sheffield,dsheffieldc4@ehow.com,526-225-3676
438,Raf,Farre,rfarrec5@google.nl,502-678-7763
439,Justus,Galpin,jgalpinc6@tripod.com,828-653-3054
440,Leonardo,Punyer,lpunyerc7@globo.com,521-927-3136
441,Basilius,Deacock,bdeacockc8@123-reg.co.uk,751-209-6489
442,Sadie,Knowler,sknowlerc9@netscape.com,959-334-6169
443,Melony,McGill,mmcgillca@cdc.gov,858-358-1753
444,Koo,Stilliard,kstilliardcb@slideshare.net,424-225-7283
445,Sherm,Pinks,spinkscc@patch.com,521-263-4098
446,Blinny,Davidofski,bdavidofskicd@cbsnews.com,403-328-2374
447,Geri,Novotni,gnovotnice@bing.com,455-169-3372
448,Ruy,Tomley,rtomleycf@behance.net,818-366-4371
449,King,Guillond,kguillondcg@mlb.com,698-419-6411
450,Fields,Bennison,fbennisonch@state.gov,473-817-4694
451,Margret,Orring,morringci@mozilla.com,807-827-0034
452,Konstantine,Carss,kcarsscj@bluehost.com,201-270-9549
453,Dylan,Hartlebury,dhartleburyck@freewebs.com,641-144-6890
454,Aurlie,Guyver,aguyvercl@cornell.edu,713-614-0543
455,Rosalynd,Shakle,rshaklecm@ucoz.com,400-208-5728
456,Flor,Stirzaker,fstirzakercn@scientificamerican.com,541-328-3470
457,Natale,Raye,nrayeco@dailymotion.com,602-834-8271
458,Dennie,Skittrell,dskittrellcp@weebly.com,549-487-8736
459,Jeno,Akker,jakkercq@amazonaws.com,263-906-6579
460,Christi,Tomblett,ctomblettcr@reference.com,796-926-2163
461,Janetta,Muckley,jmuckleycs@youtu.be,298-202-9902
462,Karin,Darlington,kdarlingtonct@nature.com,622-509-0648
463,Chan,Harpham,charphamcu@g.co,860-591-8949
464,Angelique,Simison,asimisoncv@mozilla.com,215-278-1597
465,Livia,Goldstraw,lgoldstrawcw@soup.io,643-184-6705
466,Dasya,Dibble,ddibblecx@amazon.co.jp,717-297-6906
467,Alanson,Mungane,amunganecy@prlog.org,726-741-2892
468,Modesty,Wrates,mwratescz@goo.ne.jp,565-779-7587
469,Tildie,Dobby,tdobbyd0@feedburner.com,580-191-3282
470,Herculie,Spurden,hspurdend1@ucoz.com,415-364-4975
471,Averyl,Erington,aeringtond2@princeton.edu,872-787-3980
472,Wally,Lufkin,wlufkind3@house.gov,958-564-8314
473,Lorianna,Bosward,lboswardd4@newsvine.com,422-380-7175
474,Melamie,Hethron,mhethrond5@deviantart.com,691-356-1597
475,Gustave,Hovert,ghovertd6@npr.org,235-386-4226
476,Randolph,Corkhill,rcorkhilld7@bravesites.com,661-702-3371
477,Phyllida,Haynesford,phaynesfordd8@google.co.uk,950-301-6894
478,Pepito,Bearblock,pbearblockd9@ehow.com,687-461-4115
479,Shaylyn,Boyfield,sboyfieldda@nsw.gov.au,534-681-9235
480,Zara,Lendrem,zlendremdb@tamu.edu,401-683-2120
481,Jacques,Enefer,jeneferdc@infoseek.co.jp,234-371-0310
482,Delaney,Jeandeau,djeandeaudd@cnbc.com,574-126-0507
483,Krisha,Iacapucci,kiacapuccide@cbsnews.com,380-853-6652
484,Hewett,Forcade,hforcadedf@theatlantic.com,170-500-8027
485,Herman,Sinson,hsinsondg@edublogs.org,931-792-2395
486,Jack,Cotte,jcottedh@nymag.com,610-919-8580
487,Ingemar,Jaegar,ijaegardi@sogou.com,809-444-5417
488,Lannie,MacManus,lmacmanusdj@examiner.com,490-120-9608
489,Dannie,Lidgett,dlidgettdk@elegantthemes.com,630-229-4184
490,Amity,Bentham,abenthamdl@taobao.com,796-713-9243
491,Carolyn,Gaskoin,cgaskoindm@accuweather.com,882-703-4197
492,Janek,Siely,jsielydn@squarespace.com,937-616-9306
493,Odella,Josowitz,ojosowitzdo@paginegialle.it,816-248-0115
494,Dianemarie,Suttill,dsuttilldp@purevolume.com,906-522-6692
495,Hurlee,Hastilow,hhastilowdq@hubpages.com,817-548-5558
496,Darin,Gannan,dgannandr@studiopress.com,551-425-8758
497,Agretha,McLleese,amclleeseds@army.mil,785-745-4120
498,Orlan,Andrichuk,oandrichukdt@clickbank.net,720-672-7469
499,Filmer,Chivers,fchiversdu@illinois.edu,535-282-3668
500,Nina,Van Dijk,nvandijkdv@hc360.com,761-573-6046
501,Agneta,Sokill,asokilldw@usgs.gov,203-591-6241
502,Torie,Everal,teveraldx@flavors.me,413-392-5313
503,Dyann,Landeg,dlandegdy@dyndns.org,804-965-7713
504,Clement,Varker,cvarkerdz@cnbc.com,814-442-1930
505,Danyelle,Moine,dmoinee0@ning.com,213-187-4852
506,Marjy,Rizzillo,mrizzilloe1@cbsnews.com,314-375-0313
507,Kaspar,Endricci,kendriccie2@google.it,431-200-9517
508,Horatio,Whitfield,hwhitfielde3@ifeng.com,721-344-4955
509,Darrel,Gummory,dgummorye4@salon.com,961-291-0518
510,Merrilee,De Courtney,mdecourtneye5@umich.edu,316-887-7306
511,Carlotta,Whitehead,cwhiteheade6@usatoday.com,867-675-5114
512,Verney,Gerding,vgerdinge7@loc.gov,109-152-3324
513,Martyn,Osgorby,mosgorbye8@ameblo.jp,138-109-3053
514,Diannne,Alekseicik,dalekseicike9@oaic.gov.au,625-195-2240
515,Bennie,Gwinnell,bgwinnellea@ebay.com,772-557-1155
516,Maddy,Renard,mrenardeb@myspace.com,263-507-7896
517,Tan,O'Crevan,tocrevanec@noaa.gov,687-543-3159
518,Dilan,Tuxwell,dtuxwelled@pinterest.com,824-214-7774
519,Korella,Marryatt,kmarryattee@boston.com,585-554-5705
520,Frants,Blennerhassett,fblennerhassettef@deliciousdays.com,593-503-2778
521,Giraldo,Beirne,gbeirneeg@scribd.com,332-882-5250
522,Willie,Einchcombe,weinchcombeeh@live.com,425-960-6547
523,Carilyn,Scutter,cscutterei@linkedin.com,476-220-0849
524,Valentina,Chaucer,vchaucerej@meetup.com,106-166-8468
525,Nicole,Feldmesser,nfeldmesserek@geocities.com,867-298-1974
526,Reena,Beartup,rbeartupel@nih.gov,320-255-6575
527,Estrellita,Boecke,eboeckeem@wikimedia.org,464-219-5525
528,Clarance,Severns,csevernsen@xing.com,908-627-4695
529,Kitty,Clac,kclaceo@moonfruit.com,503-201-5308
530,Bryanty,Trendle,btrendleep@histats.com,274-347-1122
531,Shayne,Perfitt,sperfitteq@slashdot.org,375-314-7441
532,Casi,Robarts,crobartser@icq.com,116-674-0817
533,Thain,Fazackerley,tfazackerleyes@va.gov,637-893-4590
534,Leela,Lynett,llynettet@shinystat.com,343-608-8084
535,Aron,Katte,akatteeu@usda.gov,193-238-3287
536,Vinnie,Burle,vburleev@cisco.com,106-152-5839
537,Lowell,Bour,lbourew@nhs.uk,841-336-4005
538,Loreen,Maylour,lmaylourex@hc360.com,390-825-1967
539,Oby,MacKnockiter,omacknockiterey@eventbrite.com,341-681-8302
540,Demetre,Colleer,dcolleerez@theguardian.com,331-611-8086
541,Vasilis,Tampen,vtampenf0@netlog.com,952-285-5211
542,Berna,Bambra,bbambraf1@fastcompany.com,868-281-4697
543,Quinn,Sheards,qsheardsf2@eventbrite.com,657-587-4555
544,Nanni,Jarrad,njarradf3@free.fr,596-343-4907
545,Barbie,Handsheart,bhandsheartf4@netscape.com,585-594-2877
546,Blanca,Henrichs,bhenrichsf5@phpbb.com,643-641-6395
547,Lamond,Nussey,lnusseyf6@4shared.com,611-429-1791
548,Benetta,Martinyuk,bmartinyukf7@ameblo.jp,781-562-7987
549,Rakel,Marr,rmarrf8@printfriendly.com,728-937-6903
550,Mureil,Marielle,mmariellef9@networksolutions.com,484-584-6043
551,Mayor,Erangey,merangeyfa@comcast.net,147-262-2617
552,Gay,Wynne,gwynnefb@yellowbook.com,537-419-7284
553,Darby,Cuttle,dcuttlefc@slideshare.net,701-850-5078
554,Jenelle,Valenti,jvalentifd@ning.com,947-246-0526
555,Jenna,O' Brian,jobrianfe@aol.com,105-243-9391
556,Lauryn,Yon,lyonff@hhs.gov,407-534-5723
557,Wolfie,Curry,wcurryfg@usda.gov,810-848-4016
558,Carmita,Gallego,cgallegofh@cargocollective.com,253-129-1520
559,Mayer,Hards,mhardsfi@lycos.com,495-370-9287
560,Stafani,Plumridege,splumridegefj@merriam-webster.com,127-526-1494
561,Adriano,Crimpe,acrimpefk@amazon.co.uk,914-884-6979
562,Martita,Pudsey,mpudseyfl@ftc.gov,230-702-9144
563,Stinky,Feldberg,sfeldbergfm@skyrock.com,132-694-0684
564,Julianna,Buckney,jbuckneyfn@surveymonkey.com,847-381-1608
565,Joby,Fearon,jfearonfo@smh.com.au,383-833-9109
566,Shir,Broose,sbroosefp@msu.edu,245-273-2012
567,Bianca,Fosbraey,bfosbraeyfq@canalblog.com,410-808-4826
568,Kenn,Ingles,kinglesfr@phpbb.com,116-932-9079
569,Cecelia,Titterrell,ctitterrellfs@nyu.edu,480-461-1526
570,Bibbie,Wheway,bwhewayft@furl.net,748-457-9451
571,Dicky,Keaveney,dkeaveneyfu@youku.com,984-961-8758
572,Dal,Stoneman,dstonemanfv@drupal.org,745-250-8605
573,Booth,Sloegrave,bsloegravefw@sciencedirect.com,493-646-8839
574,Bank,Baccas,bbaccasfx@independent.co.uk,998-562-5056
575,Reggie,Kennicott,rkennicottfy@i2i.jp,867-632-8596
576,Nathalia,Insko,ninskofz@histats.com,605-206-1832
577,Oberon,Noller,onollerg0@indiegogo.com,233-467-7042
578,Yettie,Carslaw,ycarslawg1@intel.com,732-563-1031
579,Libbi,Covington,lcovingtong2@1688.com,690-787-4050
580,Hamish,Casillas,hcasillasg3@ask.com,679-725-3032
581,Melita,Knutsen,mknutseng4@gizmodo.com,966-539-9457
582,Kaile,Freschi,kfreschig5@si.edu,106-496-7432
583,Maryl,Kahane,mkahaneg6@illinois.edu,947-864-5574
584,Cass,Raftery,crafteryg7@abc.net.au,752-472-9207
585,Porty,Sinderson,psindersong8@admin.ch,852-434-4522
586,Paddie,Scally,pscallyg9@google.ru,354-281-5318
587,Else,Merriton,emerritonga@unesco.org,392-701-4544
588,Tonnie,Redley,tredleygb@cbslocal.com,314-838-6103
589,Perrine,Eddleston,peddlestongc@elpais.com,266-200-5211
590,Karalynn,Wallage,kwallagegd@telegraph.co.uk,472-704-2068
591,Webster,Cuttelar,wcuttelarge@usa.gov,775-756-1344
592,Bing,MacGauhy,bmacgauhygf@google.it,243-526-4828
593,Gail,Ramsdale,gramsdalegg@dell.com,390-862-9676
594,Maitilde,Abernethy,mabernethygh@meetup.com,160-408-4780
595,Leeanne,Allardyce,lallardycegi@guardian.co.uk,420-361-8679
596,Gayle,Antrim,gantrimgj@google.com.hk,711-929-3939
597,Ilysa,Nerney,inerneygk@seesaa.net,862-774-5094
598,Gar,Tomovic,gtomovicgl@amazon.com,332-277-5833
599,Sephira,Thicking,sthickinggm@taobao.com,669-987-1440
600,Janel,Hudd,jhuddgn@cpanel.net,205-808-6778
601,Tedra,Tender,ttendergo@unc.edu,440-771-4644
602,Mercedes,Klaves,mklavesgp@163.com,453-632-6265
603,Marnie,Rubinowicz,mrubinowiczgq@yahoo.com,220-640-2961
604,Roslyn,Chrichton,rchrichtongr@360.cn,122-626-0581
605,Ardis,Murrill,amurrillgs@deliciousdays.com,625-203-3787
606,Sydel,Brisset,sbrissetgt@csmonitor.com,144-570-2759
607,Marielle,Gallatly,mgallatlygu@twitter.com,274-255-0847
608,Hilario,Maccrea,hmaccreagv@histats.com,993-803-7199
609,Rog,McBrearty,rmcbreartygw@360.cn,811-302-9737
610,Shep,Rosenstein,srosensteingx@go.com,101-880-3093
611,Erasmus,Siemon,esiemongy@blogs.com,466-719-9274
612,Artur,Itzcovichch,aitzcovichchgz@netvibes.com,862-128-8922
613,Sharron,Paulton,spaultonh0@odnoklassniki.ru,676-909-0344
614,Magda,Asple,maspleh1@usda.gov,711-675-1643
615,Otis,Manterfield,omanterfieldh2@constantcontact.com,789-871-8937
616,Dare,Handyside,dhandysideh3@t.co,293-638-8843
617,Miner,Sket,msketh4@deliciousdays.com,477-744-0806
618,Diann,Geal,dgealh5@amazon.de,446-904-3016
619,Agnese,Oliff,aoliffh6@youtu.be,975-172-4305
620,Byron,Figgen,bfiggenh7@flavors.me,242-822-8752
621,Arabela,Trass,atrassh8@sciencedirect.com,368-961-4731
622,Meris,Meins,mmeinsh9@hostgator.com,611-398-2368
623,Guinevere,Snoden,gsnodenha@berkeley.edu,644-640-0530
624,Burty,Ferrotti,bferrottihb@miitbeian.gov.cn,909-783-4580
625,Antonetta,McCarle,amccarlehc@yellowbook.com,941-935-2617
626,Janina,Oki,jokihd@japanpost.jp,140-458-8063
627,Hagen,Edmund,hedmundhe@miitbeian.gov.cn,551-361-9297
628,Verne,Dunguy,vdunguyhf@etsy.com,634-446-8824
629,Raeann,Burfoot,rburfoothg@goo.gl,286-884-8463
630,Deck,Dawdry,ddawdryhh@shutterfly.com,499-560-4903
631,Moria,Kline,mklinehi@simplemachines.org,558-838-1102
632,Twila,Spurier,tspurierhj@yellowpages.com,892-341-2403
633,Jemimah,Autin,jautinhk@blogger.com,762-721-0032
634,Mei,Docker,mdockerhl@tuttocitta.it,725-119-3225
635,Collin,Dillway,cdillwayhm@cisco.com,316-459-2510
636,Bearnard,Fores,bforeshn@accuweather.com,330-444-2651
637,Haywood,Heephy,hheephyho@etsy.com,535-444-2403
638,Rhianna,Picardo,rpicardohp@devhub.com,503-141-8121
639,Morie,Christescu,mchristescuhq@intel.com,643-264-5669
640,Lisha,Tompkin,ltompkinhr@nhs.uk,819-812-3712
641,Ruperta,Gilham,rgilhamhs@illinois.edu,884-790-2074
642,Cassaundra,Kildahl,ckildahlht@usatoday.com,482-803-2436
643,Benjamin,Slad,bsladhu@wordpress.org,532-646-5018
644,Agretha,Ladel,aladelhv@nyu.edu,978-664-2097
645,Tadeo,China,tchinahw@icq.com,860-740-2141
646,Marsha,MacGruer,mmacgruerhx@hud.gov,117-363-9531
647,Drucill,Ancell,dancellhy@indiegogo.com,992-175-9960
648,Tersina,Lackmann,tlackmannhz@istockphoto.com,613-638-2372
649,Itch,Androli,iandrolii0@dot.gov,705-625-4450
650,Carleen,Coleby,ccolebyi1@washington.edu,120-207-8788
651,Elbertine,Meric,emerici2@google.nl,688-638-5233
652,Reta,Fawlo,rfawloi3@scientificamerican.com,713-498-4853
653,Hillel,Shelvey,hshelveyi4@comsenz.com,733-291-9015
654,Ansel,Denk,adenki5@slideshare.net,709-830-0636
655,Fair,Agastina,fagastinai6@surveymonkey.com,649-765-2942
656,Nessy,Donnison,ndonnisoni7@census.gov,734-520-7028
657,Redford,Antoniou,rantonioui8@va.gov,566-476-6195
658,Leann,Earlam,learlami9@weibo.com,123-912-2630
659,Elfrieda,Bradborne,ebradborneia@photobucket.com,528-340-4263
660,Bill,Ramsier,bramsierib@yellowpages.com,871-406-3953
661,Carleen,Torrese,ctorreseic@photobucket.com,330-404-1033
662,Emanuel,Merwede,emerwedeid@addtoany.com,221-475-5168
663,Steffane,Sprules,ssprulesie@google.com.br,916-160-5233
664,Ernaline,Robley,erobleyif@yahoo.co.jp,751-750-3740
665,Winny,Delacourt,wdelacourtig@drupal.org,100-367-0762
666,Mel,Viger,mvigerih@slashdot.org,877-388-3499
667,Clarinda,Kidsley,ckidsleyii@msu.edu,760-189-3921
668,Raimundo,Slora,rsloraij@weebly.com,686-291-1459
669,Curt,Kienlein,ckienleinik@furl.net,822-511-8677
670,Francyne,Barkley,fbarkleyil@aol.com,484-120-9865
671,Domeniga,Pallent,dpallentim@g.co,642-821-2567
672,Gabrielle,Tasker,gtaskerin@ed.gov,756-657-5947
673,Cristionna,Hegdonne,chegdonneio@latimes.com,915-716-0871
674,Kane,Gibbonson,kgibbonsonip@who.int,270-592-7445
675,Bank,Davis,bdavisiq@diigo.com,688-775-0197
676,Georg,Dewick,gdewickir@walmart.com,675-462-0956
677,Franni,Buckberry,fbuckberryis@irs.gov,704-330-5907
678,Dennie,McCloch,dmcclochit@barnesandnoble.com,489-823-2097
679,Nanete,Cesco,ncescoiu@twitpic.com,362-781-9571
680,Virgie,Swatman,vswatmaniv@github.com,878-719-1960
681,Kimberley,Coverly,kcoverlyiw@bloglines.com,942-954-0108
682,Genvieve,Mattiessen,gmattiessenix@europa.eu,399-537-8003
683,Patience,Strutz,pstrutziy@php.net,556-916-4890
684,Harli,Summerskill,hsummerskilliz@addtoany.com,624-358-3869
685,Conny,Evangelinos,cevangelinosj0@cargocollective.com,283-440-1947
686,Tyson,Rawstorn,trawstornj1@dagondesign.com,480-530-4392
687,Hurlee,Jickells,hjickellsj2@umn.edu,101-694-2735
688,Francesco,Daintier,fdaintierj3@bloomberg.com,431-622-4086
689,Kristen,Indge,kindgej4@tumblr.com,952-112-9901
690,Blinny,Leghorn,bleghornj5@so-net.ne.jp,710-706-6200
691,Linus,Banbrick,lbanbrickj6@yellowbook.com,107-788-5753
692,Hermon,Dionisetti,hdionisettij7@dion.ne.jp,302-751-9757
693,Rawley,Dodridge,rdodridgej8@cafepress.com,171-356-0660
694,Jess,Barus,jbarusj9@mtv.com,470-997-2836
695,Wilma,Whopples,wwhopplesja@is.gd,895-811-8915
696,Catharine,Avarne,cavarnejb@hibu.com,969-676-1289
697,Elnar,Sauvain,esauvainjc@weibo.com,261-205-2433
698,Bartel,Dotterill,bdotterilljd@studiopress.com,141-754-0790
699,Alejandra,Wise,awiseje@ucla.edu,942-565-8434
700,Alika,Jocic,ajocicjf@people.com.cn,406-703-9568
701,Carce,Bamblett,cbamblettjg@amazonaws.com,733-292-5775
702,Clarissa,Iscowitz,ciscowitzjh@baidu.com,329-364-2451
703,Wylma,Kellert,wkellertji@ebay.co.uk,768-394-6827
704,Gert,Chatelot,gchatelotjj@amazonaws.com,875-188-9227
705,Sayres,Ballston,sballstonjk@jimdo.com,550-991-4654
706,Daisy,Heasman,dheasmanjl@washingtonpost.com,950-575-1705
707,Halsey,Bellany,hbellanyjm@moonfruit.com,508-656-3172
708,Thedrick,Kintzel,tkintzeljn@sciencedaily.com,994-108-9600
709,Bernetta,Romi,bromijo@blogtalkradio.com,929-780-0336
710,Flossy,Colquyte,fcolquytejp@discuz.net,562-675-1194
711,Putnem,Chugg,pchuggjq@bloomberg.com,400-818-2282
712,Gael,Mowbury,gmowburyjr@google.ru,693-745-5776
713,Sada,Clissell,sclisselljs@state.tx.us,385-864-2324
714,Marcile,Ord,mordjt@va.gov,842-671-0198
715,Bonnibelle,Murricanes,bmurricanesju@hostgator.com,970-282-7134
716,Blinnie,Attfield,battfieldjv@youku.com,967-688-4809
717,Rina,Douglass,rdouglassjw@bluehost.com,632-593-9158
718,Adelina,London,alondonjx@arizona.edu,886-169-1429
719,Cos,Mashal,cmashaljy@washington.edu,864-156-9131
720,Maressa,Stedmond,mstedmondjz@cloudflare.com,361-105-3828
721,Inga,Barnham,ibarnhamk0@t.co,360-779-9384
722,Devin,Mendus,dmendusk1@is.gd,585-389-6137
723,Adan,Calf,acalfk2@youtu.be,198-854-4407
724,Kendell,Plaice,kplaicek3@google.de,607-608-1537
725,Ana,Minnock,aminnockk4@howstuffworks.com,105-989-7273
726,Lalo,Domnin,ldomnink5@webmd.com,469-674-4464
727,Katha,Bonifazio,kbonifaziok6@discovery.com,320-566-3026
728,Martina,Swait,mswaitk7@yellowbook.com,920-393-3447
729,Corey,Bergeau,cbergeauk8@altervista.org,725-819-8718
730,Willamina,Aysik,waysikk9@slashdot.org,583-846-5654
731,Carce,Aleksidze,caleksidzeka@examiner.com,727-990-9212
732,Roxanne,Helwig,rhelwigkb@geocities.com,360-866-1140
733,Lilli,Bummfrey,lbummfreykc@mtv.com,707-957-6106
734,Patricia,Heugh,pheughkd@timesonline.co.uk,458-500-6013
735,Isiahi,Trigg,itriggke@nyu.edu,845-282-1049
736,Margaretta,Causby,mcausbykf@t-online.de,402-232-4765
737,Meaghan,Riccardelli,mriccardellikg@bbb.org,388-821-7512
738,Pavla,Curzey,pcurzeykh@networkadvertising.org,276-829-4322
739,Duky,Raoult,draoultki@google.it,580-692-9995
740,Audrye,Yglesias,ayglesiaskj@cargocollective.com,300-887-9128
741,Marget,Kermitt,mkermittkk@paginegialle.it,183-476-1175
742,Liza,O'Heyne,loheynekl@toplist.cz,185-445-5476
743,Sandy,Conws,sconwskm@soundcloud.com,105-780-0441
744,Margalit,Trytsman,mtrytsmankn@creativecommons.org,283-245-6712
745,Eldridge,Filipiak,efilipiakko@newyorker.com,535-229-0090
746,Mal,Bengtson,mbengtsonkp@time.com,592-647-9754
747,Humfried,Tickel,htickelkq@netvibes.com,504-808-3450
748,Fredrika,Blowing,fblowingkr@facebook.com,216-501-2157
749,Dicky,Loghan,dloghanks@cnn.com,161-495-5473
750,Josey,Laval,jlavalkt@yellowbook.com,131-148-6879
751,Orton,Gladdis,ogladdisku@spiegel.de,127-178-1905
752,Murry,Mougel,mmougelkv@livejournal.com,622-564-7096
753,Winne,Dellenbrook,wdellenbrookkw@csmonitor.com,749-407-6449
754,Brigit,Muffin,bmuffinkx@wiley.com,481-920-8019
755,Marnie,Bridgstock,mbridgstockky@netvibes.com,244-439-0711
756,Vinnie,Neaves,vneaveskz@sohu.com,857-655-2955
757,Jecho,Doddrell,jdoddrelll0@over-blog.com,463-608-2142
758,Rudolfo,Deacock,rdeacockl1@oakley.com,842-623-8149
759,Kaylee,Stobo,kstobol2@biblegateway.com,667-689-8700
760,Zerk,Lamort,zlamortl3@example.com,416-922-2400
761,Wallache,Huckle,whucklel4@elpais.com,139-362-9017
762,Corrina,Caser,ccaserl5@squidoo.com,995-854-0120
763,Kare,Bison,kbisonl6@360.cn,272-121-7112
764,Gaylord,Frill,gfrilll7@sfgate.com,112-839-0913
765,Hyacinth,Matzaitis,hmatzaitisl8@topsy.com,886-970-8118
766,Levey,McSkin,lmcskinl9@fema.gov,108-454-8443
767,Normand,Jane,njanela@wunderground.com,789-282-5616
768,Keary,Houson,khousonlb@google.pl,828-575-5009
769,George,Arington,garingtonlc@slate.com,612-965-9698
770,Nertie,Hutchings,nhutchingsld@soup.io,743-429-2869
771,Bennie,Deighan,bdeighanle@google.nl,802-532-2164
772,Kissiah,McGeagh,kmcgeaghlf@seattletimes.com,423-396-4181
773,Giff,De Domenicis,gdedomenicislg@eepurl.com,971-818-4278
774,Isadore,Hugues,ihugueslh@ustream.tv,105-512-7836
775,Burr,Buxam,bbuxamli@huffingtonpost.com,834-955-9788
776,Tommy,Gooda,tgoodalj@people.com.cn,109-951-6813
777,Laurice,Ogle,loglelk@cloudflare.com,995-793-2971
778,Heidi,Garett,hgarettll@goo.ne.jp,409-260-0844
779,Alisha,Drysdell,adrysdelllm@twitpic.com,801-746-8458
780,Nicol,Middlehurst,nmiddlehurstln@ameblo.jp,827-116-4792
781,Lotte,Hefford,lheffordlo@odnoklassniki.ru,992-608-7141
782,Saunderson,MacCartair,smaccartairlp@vinaora.com,808-640-1323
783,Brand,Inderwick,binderwicklq@twitpic.com,443-880-8309
784,Bancroft,McAndie,bmcandielr@rakuten.co.jp,825-730-6679
785,Stace,Jelliman,sjellimanls@google.de,902-997-4013
786,Rosella,Polhill,rpolhilllt@google.com.au,205-173-0459
787,Lorant,Kyteley,lkyteleylu@house.gov,484-374-7395
788,Rolfe,Papis,rpapislv@irs.gov,222-510-7967
789,Lin,Bielfelt,lbielfeltlw@xinhuanet.com,622-402-5089
790,Osgood,McArdell,omcardelllx@csmonitor.com,105-558-6360
791,Audie,Jobey,ajobeyly@nps.gov,736-227-9973
792,Delcina,Seeman,dseemanlz@wufoo.com,644-270-7108
793,Miquela,Abden,mabdenm0@example.com,902-426-9157
794,Kipp,Vicar,kvicarm1@nifty.com,195-736-9261
795,Bernette,Pembry,bpembrym2@howstuffworks.com,406-196-9686
796,Elvina,Havoc,ehavocm3@digg.com,216-546-1358
797,Carmencita,Pendre,cpendrem4@slashdot.org,249-109-0026
798,Carlene,Syversen,csyversenm5@addtoany.com,593-838-4668
799,Aleksandr,Martinovsky,amartinovskym6@bbc.co.uk,536-668-2579
800,Gwenny,Philipart,gphilipartm7@wikispaces.com,715-973-2301
801,Devinne,Munden,dmundenm8@facebook.com,998-809-7687
802,Giorgi,Simoneschi,gsimoneschim9@livejournal.com,933-670-1526
803,Manya,Beauchop,mbeauchopma@seattletimes.com,479-553-9237
804,Desmund,Peaddie,dpeaddiemb@google.de,916-375-0082
805,Ermina,Minster,eminstermc@utexas.edu,370-635-4966
806,Roselle,Bedford,rbedfordmd@homestead.com,647-800-1425
807,Bridgette,Tryme,btrymeme@cargocollective.com,773-908-8660
808,Robin,Elliot,relliotmf@msn.com,551-989-9283
809,D'arcy,Maffy,dmaffymg@creativecommons.org,195-276-8066
810,Tiffi,Thomson,tthomsonmh@archive.org,339-446-7258
811,Armstrong,Ewbach,aewbachmi@archive.org,460-335-8224
812,Goldarina,Grivori,ggrivorimj@free.fr,693-267-2055
813,Gerrie,Fewkes,gfewkesmk@google.cn,161-339-7683
814,Lynsey,Candlish,lcandlishml@tripod.com,730-567-3594
815,Consuelo,Mogie,cmogiemm@hhs.gov,204-695-2784
816,Bartholomew,Shawyers,bshawyersmn@github.com,704-209-7579
817,Putnem,Vel,pvelmo@1688.com,905-907-6953
818,Ruddy,Macguire,rmacguiremp@sun.com,228-558-4514
819,Clarey,Winger,cwingermq@tuttocitta.it,729-210-8996
820,Suzette,Petrasso,spetrassomr@intel.com,450-978-6914
821,Sofia,Giddons,sgiddonsms@taobao.com,646-314-7566
822,Hagan,Yarrell,hyarrellmt@cnbc.com,178-324-9153
823,Ethan,Hurdman,ehurdmanmu@whitehouse.gov,994-720-0141
824,Riordan,Petch,rpetchmv@indiatimes.com,592-849-0685
825,Lyndsie,Dymott,ldymottmw@github.io,456-503-7157
826,Luke,Semeradova,lsemeradovamx@wp.com,443-155-6470
827,Anthia,McClounan,amcclounanmy@hostgator.com,606-839-3409
828,Gibbie,Pitney,gpitneymz@uol.com.br,365-449-1054
829,Maible,Capes,mcapesn0@smugmug.com,402-414-1892
830,Vaughan,Keune,vkeunen1@etsy.com,716-800-6689
831,Beltran,Sargint,bsargintn2@sciencedirect.com,636-366-2983
832,Phillip,Shovlin,pshovlinn3@yahoo.co.jp,454-577-6427
833,Wallas,Lamke,wlamken4@1688.com,910-194-0704
834,Kaleena,Knapp,kknappn5@about.com,646-416-8949
835,Deerdre,Handslip,dhandslipn6@pbs.org,371-393-4182
836,Elie,Stonehouse,estonehousen7@chronoengine.com,367-435-4110
837,Johanna,Whitington,jwhitingtonn8@deliciousdays.com,272-860-8834
838,Fremont,Jickells,fjickellsn9@google.pl,526-174-7207
839,Rowe,Bleasdale,rbleasdalena@mtv.com,871-608-2279
840,Wyn,Riatt,wriattnb@paypal.com,363-194-9146
841,Julienne,Hanes,jhanesnc@123-reg.co.uk,183-776-1692
842,Ajay,Furmenger,afurmengernd@goodreads.com,391-212-7542
843,Merilee,Tremaine,mtremainene@reuters.com,125-101-6013
844,Annalise,Vallentin,avallentinnf@theglobeandmail.com,987-662-1978
845,Sena,Langsdon,slangsdonng@php.net,500-176-8303
846,Valery,Freeborne,vfreebornenh@gizmodo.com,275-991-1819
847,Hilario,Spini,hspinini@vimeo.com,588-200-6986
848,Shamus,Chadwick,schadwicknj@google.nl,394-988-8587
849,Kiele,Conelly,kconellynk@github.io,445-104-4862
850,Alfonso,Cheesworth,acheesworthnl@gnu.org,318-786-4642
851,Pamelina,Ahrens,pahrensnm@google.it,852-176-7720
852,Dolli,Daglish,ddaglishnn@ted.com,894-474-4984
853,Killy,Collacombe,kcollacombeno@so-net.ne.jp,719-831-6784
854,Arleen,Wilkes,awilkesnp@smh.com.au,241-604-3653
855,Gil,Hazell,ghazellnq@columbia.edu,908-350-0079
856,Jessica,Dudin,jdudinnr@quantcast.com,479-857-1191
857,Gordy,Canlin,gcanlinns@hatena.ne.jp,956-536-0038
858,Audrie,Menlow,amenlownt@discuz.net,743-158-7068
859,Ernestus,Atherton,eathertonnu@artisteer.com,317-363-4298
860,Wayne,Kermott,wkermottnv@arizona.edu,594-554-1613
861,Mose,Muscott,mmuscottnw@theatlantic.com,630-112-2586
862,Pace,Wheowall,pwheowallnx@simplemachines.org,705-139-3756
863,Tressa,Meffen,tmeffenny@lulu.com,882-984-8742
864,Maxie,Ribeiro,mribeironz@craigslist.org,373-733-5111
865,Jamey,Wager,jwagero0@facebook.com,481-903-2570
866,Nickie,Staddom,nstaddomo1@so-net.ne.jp,202-951-9423
867,Bliss,Rivel,brivelo2@tumblr.com,835-532-8407
868,Theda,Skett,tsketto3@newyorker.com,465-116-7433
869,Leland,Linny,llinnyo4@cdbaby.com,815-818-4371
870,Chauncey,Deaves,cdeaveso5@apple.com,698-350-6630
871,Gwenore,Norley,gnorleyo6@fastcompany.com,845-788-0882
872,Rube,Simkovitz,rsimkovitzo7@artisteer.com,483-884-0207
873,Wynn,Townley,wtownleyo8@dailymail.co.uk,762-860-7747
874,Benetta,Jurek,bjureko9@ycombinator.com,679-639-4316
875,Lynnett,Doran,ldoranoa@pbs.org,874-826-0092
876,Cristabel,Worner,cwornerob@mit.edu,660-229-0334
877,Frederik,Fermoy,ffermoyoc@blogger.com,945-811-1868
878,Yovonnda,Conibere,yconibereod@biglobe.ne.jp,311-531-2876
879,Karry,Cicco,kciccooe@stumbleupon.com,324-554-2560
880,Curry,Benz,cbenzof@ftc.gov,886-765-9293
881,Bent,Vasilchikov,bvasilchikovog@slate.com,388-317-8665
882,Zara,Nutley,znutleyoh@opensource.org,793-112-3250
883,Glad,Howells,ghowellsoi@etsy.com,408-616-5191
884,Anet,Staynes,astaynesoj@google.pl,199-487-5828
885,Riki,McMurray,rmcmurrayok@chicagotribune.com,416-988-0023
886,Massimiliano,Jakubowski,mjakubowskiol@virginia.edu,567-404-0636
887,Danica,Pina,dpinaom@mit.edu,606-612-3077
888,Sol,Abrahamian,sabrahamianon@github.io,887-731-9069
889,Erika,Heathcott,eheathcottoo@discovery.com,404-391-5490
890,Egbert,Littledike,elittledikeop@1688.com,684-943-1977
891,Ursa,Blakelock,ublakelockoq@smh.com.au,566-917-2739
892,Brandie,Claiden,bclaidenor@biglobe.ne.jp,413-336-1186
893,Ferdinand,Chipping,fchippingos@prnewswire.com,698-940-6536
894,Barbi,Hundy,bhundyot@hud.gov,817-648-9899
895,Elenore,Buckel,ebuckelou@bing.com,600-824-6417
896,Alene,Puncher,apuncherov@privacy.gov.au,569-577-4909
897,Nyssa,Ingleston,ninglestonow@rakuten.co.jp,233-659-4873
898,Isaak,Wonham,iwonhamox@github.com,117-659-3788
899,Niels,McCarty,nmccartyoy@clickbank.net,423-845-7119
900,Gipsy,Cristoforo,gcristoforooz@cnn.com,480-915-4567
901,Gaston,Malyan,gmalyanp0@bloglovin.com,417-229-1015
902,Genia,Ibbott,gibbottp1@aboutads.info,531-899-3338
903,Terencio,Stockall,tstockallp2@cdbaby.com,560-777-8321
904,Shirlene,Tilburn,stilburnp3@bizjournals.com,513-258-7927
905,Janaya,Scollard,jscollardp4@cmu.edu,998-589-5332
906,Claudetta,Rohlf,crohlfp5@dagondesign.com,225-548-0630
907,Brigitte,Ducket,bducketp6@altervista.org,688-423-6410
908,Lotta,Latchmore,llatchmorep7@sogou.com,290-256-3583
909,Kristen,Grundy,kgrundyp8@ibm.com,635-903-5783
910,Beaufort,Dubock,bdubockp9@time.com,428-555-6518
911,Sher,Fieller,sfiellerpa@businessinsider.com,972-134-6131
912,Christalle,Shrawley,cshrawleypb@ft.com,632-324-9885
913,Ag,Boggers,aboggerspc@bloglovin.com,805-780-3719
914,Nessy,Weatherdon,nweatherdonpd@yellowpages.com,143-726-3193
915,Gusta,Wakely,gwakelype@toplist.cz,287-414-7858
916,Hedy,Hegden,hhegdenpf@purevolume.com,562-761-8829
917,Ricoriki,Goley,rgoleypg@tuttocitta.it,711-274-2887
918,Hollis,Parradye,hparradyeph@tumblr.com,336-277-1647
919,Sib,Lanfer,slanferpi@ifeng.com,698-657-6560
920,Shayne,Hansman,shansmanpj@yelp.com,290-332-6285
921,Georgena,Radki,gradkipk@mayoclinic.com,603-846-5581
922,Valene,Elcoate,velcoatepl@goodreads.com,745-677-8623
923,Thornton,Roskam,troskampm@de.vu,569-836-8981
924,Kaia,Duffill,kduffillpn@addthis.com,239-457-4264
925,Corena,Gebbe,cgebbepo@cisco.com,611-905-4251
926,Lynnet,Leith,lleithpp@state.tx.us,669-622-9370
927,Randal,Tames,rtamespq@hubpages.com,461-532-6864
928,Lawrence,Stuckford,lstuckfordpr@google.es,347-252-6772
929,Chic,Hizir,chizirps@eventbrite.com,648-199-0798
930,Lilllie,Laterza,llaterzapt@phoca.cz,619-242-2287
931,Eartha,Arnott,earnottpu@sina.com.cn,517-944-0389
932,Elroy,MacBarron,emacbarronpv@digg.com,945-970-4195
933,Paloma,Gibling,pgiblingpw@e-recht24.de,278-375-3117
934,Amye,Sexon,asexonpx@skyrock.com,851-528-1024
935,Donnajean,Duran,dduranpy@utexas.edu,700-993-3352
936,Colin,Leftley,cleftleypz@irs.gov,951-709-5320
937,Leonardo,Mehaffey,lmehaffeyq0@theguardian.com,824-691-9511
938,Ardeen,Hilland,ahillandq1@fastcompany.com,920-992-9216
939,Stavro,Butterfield,sbutterfieldq2@hud.gov,138-532-4975
940,Odella,Wheaton,owheatonq3@sfgate.com,170-138-7995
941,Theobald,Frentz,tfrentzq4@deviantart.com,808-970-0045
942,Maritsa,Kealey,mkealeyq5@addtoany.com,369-761-6050
943,Guglielma,Dobing,gdobingq6@bloglovin.com,308-851-7867
944,Darcie,Dodgshon,ddodgshonq7@spiegel.de,753-943-8291
945,Lila,Kruger,lkrugerq8@stumbleupon.com,529-348-6487
946,Rory,Thorby,rthorbyq9@gmpg.org,698-839-5685
947,Abbi,Birkby,abirkbyqa@nba.com,358-969-1281
948,Dalton,Borwick,dborwickqb@mlb.com,260-302-3668
949,Wright,Denness,wdennessqc@msu.edu,368-607-7855
950,Christina,Christofle,cchristofleqd@php.net,360-920-2697
951,Alix,Artharg,aarthargqe@infoseek.co.jp,132-796-5339
952,Fiorenze,Abba,fabbaqf@topsy.com,353-698-3407
953,Jilly,Sandeford,jsandefordqg@wired.com,548-416-9121
954,Hoebart,Kalkofen,hkalkofenqh@dagondesign.com,797-404-0460
955,Madella,Whal,mwhalqi@canalblog.com,501-208-4795
956,Johnette,Inkpin,jinkpinqj@google.com.au,857-906-4006
957,Erena,Morten,emortenqk@google.com.br,409-637-6777
958,Josselyn,Grady,jgradyql@usnews.com,296-862-9428
959,Robby,Musgrove,rmusgroveqm@imgur.com,704-903-0777
960,Fee,Stonhouse,fstonhouseqn@discuz.net,575-287-2008
961,Liliane,Salazar,lsalazarqo@berkeley.edu,231-239-9680
962,Odie,Dalyell,odalyellqp@moonfruit.com,400-157-5279
963,Christoforo,Berridge,cberridgeqq@uiuc.edu,899-751-2412
964,Ania,Dennerley,adennerleyqr@liveinternet.ru,725-230-9555
965,Engracia,Chicchetto,echicchettoqs@acquirethisname.com,400-582-2343
966,Ki,Volke,kvolkeqt@netvibes.com,232-579-6738
967,Gavan,Mansford,gmansfordqu@etsy.com,742-715-1805
968,Norris,Gault,ngaultqv@bing.com,319-267-3307
969,Carter,Dreier,cdreierqw@theatlantic.com,549-912-0098
970,Matthew,Wiz,mwizqx@wufoo.com,630-999-8819
971,Jessa,O'Lyhane,jolyhaneqy@ftc.gov,406-532-2001
972,Kerstin,McKeurtan,kmckeurtanqz@usda.gov,711-168-3286
973,Glenn,Deekes,gdeekesr0@nasa.gov,117-237-5567
974,Ugo,Banes,ubanesr1@un.org,364-221-6007
975,Ilaire,Papps,ipappsr2@creativecommons.org,156-801-5760
976,Giffie,Gonzalo,ggonzalor3@un.org,999-411-2990
977,Benoit,Richardsson,brichardssonr4@indiegogo.com,219-854-1211
978,Rees,Bernhart,rbernhartr5@skype.com,561-165-5946
979,Sal,Keling,skelingr6@wufoo.com,799-572-5449
980,Darius,Lossman,dlossmanr7@cornell.edu,289-338-6833
981,Marielle,Schachter,mschachterr8@nationalgeographic.com,731-324-7147
982,Pammy,Buckland,pbucklandr9@forbes.com,735-844-0783
983,Ely,Zylberdik,ezylberdikra@ning.com,107-293-2241
984,Rafaello,Kryzhov,rkryzhovrb@addthis.com,134-269-7607
985,Alina,Oxe,aoxerc@sfgate.com,631-407-7011
986,Averyl,Leversha,alevershard@lulu.com,372-852-4876
987,Syd,Valente,svalentere@about.com,986-541-3094
988,Wilmer,Brooksbie,wbrooksbierf@networkadvertising.org,294-255-1094
989,Malynda,Gauford,mgaufordrg@usgs.gov,606-859-5795
990,Arleta,Eydel,aeydelrh@last.fm,977-173-7830
991,Candide,Coveny,ccovenyri@w3.org,379-242-5436
992,Danya,Moorerud,dmoorerudrj@ezinearticles.com,104-800-3638
993,Peri,Guyver,pguyverrk@google.com.br,913-714-3811
994,Stephannie,Raynor,sraynorrl@google.ru,262-523-2733
995,Starla,Bagnall,sbagnallrm@ehow.com,700-741-2722
996,Hans,d' Elboux,hdelbouxrn@ted.com,440-387-1100
997,Alecia,Casper,acasperro@indiatimes.com,757-614-9183
998,Aurora,Lovel,alovelrp@networksolutions.com,893-437-3753
999,Major,Ruppeli,mruppelirq@thetimes.co.uk,405-717-9862
1000,Benedetto,Farrants,bfarrantsrr@techcrunch.com,906-852-2054
